STK_D_Code,STK_D_SWCode
1,YH
2,FDC
4,YYSW
5,FDC
6,CJ
7,XXFW
8,YSJS
9,ZH
10,JZZS
11,FDC
12,JZCL
14,FDC
16,JYDQ
17,QC
18,FDC
19,SPYL
20,DZ
21,JSJ
22,JTYS
23,JZCL
25,QC
26,QGZZ
27,GYSY
28,YYSW
29,FDC
30,QC
31,FDC
32,TX
33,XXFW
34,NLMY
35,GYSY
36,FDC
37,GYSY
38,FDC
39,JXSB
40,FDC
42,FDC
43,FDC
45,DZ
46,FDC
48,NLMY
49,DZ
50,DZ
55,JZZS
56,FDC
58,SYMY
59,HG
60,YSJS
61,SYMY
62,SYMY
63,TX
65,JZZS
66,JSJ
68,ZH
69,FDC
70,TX
78,YYSW
88,JTYS
89,JTYS
90,FDC
96,HG
99,JTYS
100,JYDQ
150,YYSW
151,SYMY
153,YYSW
155,HG
156,CM
157,JXSB
158,FZFZ
159,CJ
166,FYJR
301,GYSY
333,JYDQ
338,QC
400,DQSB
401,JZCL
402,FDC
403,YYSW
404,JYDQ
407,HG
408,SYMY
409,CJ
410,JXSB
411,YYSW
413,DZ
415,FYJR
416,SYMY
417,SYMY
418,JYDQ
419,SYMY
420,HG
421,ZH
422,HG
423,YYSW
425,JXSB
426,YSJS
428,XXFW
429,JTYS
430,XXFW
488,QGZZ
498,JZZS
501,SYMY
502,FDC
503,CM
504,CM
505,FDC
506,YSJS
507,JTYS
509,JZCL
510,HG
511,YSJS
513,YYSW
514,FDC
516,SYMY
517,FDC
518,YYSW
519,YSJS
520,JTYS
521,JYDQ
523,HG
524,XXFW
525,HG
526,FDC
528,JXSB
529,ZH
530,JXSB
531,GYSY
532,DZ
533,JYDQ
534,FDC
536,DZ
537,FDC
538,YYSW
539,GYSY
540,FDC
541,DZ
543,GYSY
544,GYSY
545,HG
546,JZCL
547,TX
548,JTYS
550,QC
551,JXSB
552,CJ
553,HG
554,HG
555,JSJ
557,SPYL
558,FDC
559,QC
560,SYMY
561,TX
563,FYJR
564,SYMY
565,HG
566,YYSW
567,FDC
568,SPYL
570,JXSB
571,CJ
572,QC
573,FDC
576,QGZZ
581,QC
582,JTYS
584,HG
585,DQSB
586,TX
587,QGZZ
589,HG
590,YYSW
591,YYSW
592,NLMY
593,GYSY
595,JXSB
596,SPYL
597,YYSW
598,GYSY
599,HG
600,GYSY
601,GYSY
603,YSJS
605,GYSY
606,YYSW
607,CM
608,FDC
609,FDC
610,XXFW
611,ZH
612,YSJS
613,XXFW
615,HG
616,FDC
617,JXSB
619,JZCL
620,FDC
622,QC
623,YYSW
625,QC
626,SYMY
627,HG
628,ZH
629,CJ
630,YSJS
631,FDC
632,ZH
633,YSJS
635,HG
636,DZ
637,HG
638,FDC
639,NLMY
650,YYSW
651,JYDQ
652,ZH
655,CJ
656,FDC
657,YSJS
659,QGZZ
661,YYSW
662,HG
663,NLMY
665,CM
666,FYJR
667,FDC
668,FDC
669,GYSY
670,DZ
671,FDC
672,JZCL
673,CM
676,JXSB
677,HG
678,QC
679,FDC
680,JXSB
681,CM
682,DQSB
683,HG
685,GYSY
686,FYJR
687,HG
688,YSJS
690,GYSY
691,FDC
692,GYSY
693,YSJS
695,GYSY
697,YSJS
698,HG
700,QC
701,DZ
702,NLMY
703,HG
705,YYSW
707,HG
708,GT
709,GT
710,QC
711,ZH
712,FYJR
713,NLMY
715,SYMY
716,SPYL
717,GT
718,FDC
719,CM
720,GYSY
721,XXFW
722,GYSY
723,CJ
725,DZ
726,FZFZ
727,DZ
728,FYJR
729,SPYL
731,HG
732,FDC
733,DZ
735,NLMY
736,FDC
737,HG
738,GFJG
739,YYSW
748,JSJ
750,FYJR
751,YSJS
752,SPYL
753,QC
755,HG
756,YYSW
757,QC
758,YSJS
759,SYMY
760,QC
761,GT
762,CJ
766,YYSW
767,GYSY
768,GFJG
776,FYJR
777,JXSB
778,GT
779,FZFZ
780,CJ
782,HG
783,FYJR
785,SYMY
786,JZCL
788,YYSW
789,JZCL
790,YYSW
791,GYSY
792,HG
793,CM
795,YSJS
796,SPYL
797,FDC
798,NLMY
799,SPYL
800,QC
801,JYDQ
802,XXFW
803,FDC
806,DQSB
807,YSJS
809,FDC
810,JYDQ
811,JXSB
812,QGZZ
813,YSJS
815,QGZZ
816,JXSB
818,HG
819,HG
820,QGZZ
821,JXSB
822,HG
823,DZ
825,GT
826,GYSY
828,JTYS
829,SYMY
830,HG
831,YSJS
833,QGZZ
835,CM
836,TX
837,JXSB
838,FDC
839,ZH
848,SPYL
850,FZFZ
851,TX
852,JXSB
856,JXSB
858,SPYL
859,HG
860,SPYL
861,SYMY
862,GYSY
863,FDC
868,QC
869,SPYL
875,GYSY
876,NLMY
877,JZCL
878,YSJS
880,JXSB
881,ZH
882,SYMY
883,GYSY
885,JZCL
886,FDC
887,QC
888,XXFW
889,SYMY
890,JXSB
892,ZH
893,NLMY
895,SPYL
897,FDC
898,GT
899,GYSY
900,JTYS
901,JXSB
902,HG
903,QC
905,JTYS
906,GT
908,YYSW
909,FDC
910,QGZZ
911,NLMY
912,HG
913,QC
915,YYSW
916,JTYS
917,CM
918,FDC
919,YYSW
920,JXSB
921,JYDQ
922,DQSB
923,JXSB
925,JXSB
926,FDC
927,QC
928,JZZS
929,SPYL
930,NLMY
931,FDC
932,GT
933,CJ
935,JZCL
936,HG
937,CJ
938,JSJ
939,GYSY
948,JSJ
949,HG
950,HG
951,QC
952,YYSW
953,HG
955,FZFZ
957,QC
958,GYSY
959,GT
960,YSJS
961,FDC
962,YSJS
963,YYSW
965,FDC
966,GYSY
967,DQSB
968,CJ
969,YSJS
970,YSJS
971,FZFZ
972,NLMY
973,HG
975,YSJS
976,HG
977,JSJ
978,XXFW
979,FDC
980,QC
981,FDC
982,FZFZ
983,CJ
985,HG
987,SYMY
988,DZ
989,YYSW
990,YYSW
993,GYSY
995,SPYL
996,QC
997,JSJ
998,NLMY
999,YYSW
1696,QC
1896,GYSY
1979,FDC
2001,YYSW
2002,HG
2003,FZFZ
2004,HG
2005,DZ
2006,JXSB
2007,YYSW
2008,DZ
2009,JXSB
2010,HG
2011,JYDQ
2012,QGZZ
2013,GFJG
2014,QGZZ
2015,HG
2016,FDC
2017,TX
2018,HG
2019,YYSW
2020,YYSW
2021,JXSB
2022,YYSW
2023,GFJG
2024,SYMY
2025,DZ
2026,JXSB
2027,JSJ
2028,DQSB
2029,FZFZ
2030,YYSW
2031,JXSB
2032,JYDQ
2033,XXFW
2034,FZFZ
2035,JYDQ
2036,FZFZ
2037,HG
2038,YYSW
2039,GYSY
2040,JTYS
2041,NLMY
2042,FZFZ
2043,JZCL
2044,FZFZ
2045,DZ
2046,JXSB
2047,JZZS
2048,QC
2049,DZ
2050,JYDQ
2051,JZZS
2052,JYDQ
2053,HG
2054,HG
2055,DZ
2056,DZ
2057,YSJS
2058,DQSB
2059,XXFW
2060,JZZS
2061,HG
2062,JZZS
2063,JSJ
2064,HG
2065,JSJ
2066,JZCL
2067,QGZZ
2068,HG
2069,NLMY
2070,FZFZ
2071,CM
2072,FZFZ
2073,JXSB
2074,DQSB
2075,GT
2076,DZ
2077,FDC
2078,QGZZ
2079,DZ
2080,HG
2081,JZZS
2082,JZCL
2083,FZFZ
2084,QGZZ
2085,QC
2086,NLMY
2087,FZFZ
2088,JZCL
2089,TX
2090,DQSB
2091,SYMY
2092,HG
2093,TX
2094,QGZZ
2095,CM
2096,HG
2097,JXSB
2098,FZFZ
2099,YYSW
2100,NLMY
2101,QC
2102,SYMY
2103,QGZZ
2104,TX
2105,QC
2106,DZ
2107,YYSW
2108,HG
2109,HG
2110,GT
2111,JXSB
2112,DQSB
2113,ZH
2114,YSJS
2115,TX
2116,JZZS
2117,QGZZ
2118,YYSW
2119,DZ
2120,QGZZ
2121,DQSB
2122,JXSB
2123,DQSB
2124,NLMY
2125,HG
2126,QC
2127,HG
2128,CJ
2129,DZ
2130,YSJS
2131,CM
2132,JXSB
2133,FDC
2134,DZ
2135,JZZS
2136,HG
2137,DZ
2138,DZ
2139,DZ
2140,JZZS
2141,DZ
2142,YH
2143,CM
2144,FZFZ
2145,HG
2146,FDC
2147,JXSB
2148,CM
2149,YSJS
2150,JXSB
2151,GFJG
2152,JSJ
2153,JSJ
2154,FZFZ
2155,YSJS
2156,DZ
2157,NLMY
2158,JXSB
2159,XXFW
2160,YSJS
2161,DZ
2162,JZCL
2163,JZCL
2164,JXSB
2165,HG
2166,YYSW
2167,YSJS
2168,DQSB
2169,DQSB
2170,HG
2171,YSJS
2172,HG
2173,NLMY
2174,CM
2175,JXSB
2176,DQSB
2177,JSJ
2178,JZZS
2179,DZ
2180,DZ
2181,CM
2182,YSJS
2183,JTYS
2184,DQSB
2185,DZ
2186,XXFW
2187,SYMY
2188,DZ
2189,DZ
2190,GFJG
2191,QGZZ
2192,HG
2193,FZFZ
2194,TX
2195,JSJ
2196,DQSB
2197,JSJ
2198,YYSW
2199,DZ
2200,JZZS
2201,HG
2202,DQSB
2203,YSJS
2204,JXSB
2205,JZCL
2206,HG
2207,CJ
2208,FDC
2209,JXSB
2210,JTYS
2211,HG
2212,DQSB
2213,QC
2214,DZ
2215,HG
2216,SPYL
2217,DZ
2218,DQSB
2219,YYSW
2220,NLMY
2221,HG
2222,DZ
2223,YYSW
2224,HG
2225,JZCL
2226,HG
2227,DQSB
2228,QGZZ
2229,QGZZ
2230,JSJ
2231,TX
2232,JSJ
2233,JZCL
2234,NLMY
2235,QGZZ
2236,JSJ
2237,YSJS
2238,CM
2239,FZFZ
2240,QGZZ
2241,DZ
2242,JYDQ
2243,QGZZ
2244,FDC
2245,JTYS
2246,HG
2247,QGZZ
2248,JXSB
2249,DQSB
2250,HG
2251,SYMY
2252,YYSW
2253,JSJ
2254,HG
2255,DQSB
2256,HG
2258,HG
2259,QGZZ
2260,JYDQ
2261,CM
2262,YYSW
2263,HG
2264,SYMY
2265,QC
2266,DQSB
2267,GYSY
2268,JSJ
2269,FZFZ
2270,JXSB
2271,JZCL
2272,JXSB
2273,DZ
2274,HG
2275,YYSW
2276,DQSB
2277,SYMY
2278,JXSB
2279,JSJ
2280,JSJ
2281,TX
2282,JXSB
2283,QC
2284,QC
2285,FDC
2286,NLMY
2287,YYSW
2288,DZ
2289,DZ
2290,JYDQ
2291,FZFZ
2292,CM
2293,FZFZ
2294,YYSW
2295,YSJS
2296,JSJ
2297,GFJG
2298,DQSB
2299,NLMY
2300,DQSB
2301,QGZZ
2302,JZCL
2303,QGZZ
2304,SPYL
2305,FDC
2306,XXFW
2307,JZZS
2308,JSJ
2309,DQSB
2310,JZZS
2311,NLMY
2312,JSJ
2313,TX
2314,JZCL
2315,CM
2316,TX
2317,YYSW
2318,GT
2319,HG
2320,JTYS
2321,NLMY
2322,DQSB
2323,DQSB
2324,HG
2325,JZZS
2326,HG
2327,FZFZ
2328,QC
2329,SPYL
2330,SPYL
2331,JSJ
2332,YYSW
2333,JZCL
2334,DQSB
2335,DQSB
2336,SYMY
2337,JXSB
2338,JXSB
2339,DQSB
2340,YSJS
2341,GYSY
2342,JXSB
2343,HG
2344,SYMY
2345,QGZZ
2346,JZCL
2347,JXSB
2348,QGZZ
2349,YYSW
2350,DQSB
2351,DZ
2352,JXSB
2353,JXSB
2354,CM
2355,QC
2356,DQSB
2357,JTYS
2358,DQSB
2359,DQSB
2360,HG
2361,HG
2362,JSJ
2363,QC
2364,DQSB
2365,YYSW
2366,JYDQ
2367,JXSB
2368,JSJ
2369,DZ
2370,YYSW
2371,DZ
2372,JZCL
2373,JSJ
2374,QGZZ
2375,JZZS
2376,JSJ
2377,HG
2378,YSJS
2379,YSJS
2380,JSJ
2381,HG
2382,HG
2383,JSJ
2384,DZ
2385,NLMY
2386,HG
2387,SPYL
2388,DZ
2389,DZ
2390,YYSW
2391,HG
2392,JZCL
2393,YYSW
2394,FZFZ
2395,HG
2396,TX
2397,FZFZ
2398,JZCL
2399,YYSW
2400,CM
2401,JSJ
2402,DZ
2403,JYDQ
2404,FZFZ
2405,JSJ
2406,QC
2407,HG
2408,HG
2409,HG
2410,JSJ
2411,HG
2412,YYSW
2413,JYDQ
2414,DZ
2415,JSJ
2416,SYMY
2417,TX
2418,JYDQ
2419,SYMY
2420,JYDQ
2421,JSJ
2422,YYSW
2423,JXSB
2424,YYSW
2425,FZFZ
2426,JXSB
2427,HG
2428,YSJS
2429,JYDQ
2430,JXSB
2431,JZZS
2432,YYSW
2433,YYSW
2434,QC
2435,JXSB
2436,DZ
2437,YYSW
2438,JXSB
2439,JSJ
2440,HG
2441,DQSB
2442,HG
2443,GT
2444,JXSB
2445,JXSB
2446,TX
2447,NLMY
2448,QC
2449,DZ
2450,HG
2451,DQSB
2452,DQSB
2453,HG
2454,QC
2455,HG
2456,DZ
2457,JZCL
2458,NLMY
2459,JXSB
2460,YSJS
2461,SPYL
2462,YYSW
2463,DZ
2464,HG
2465,TX
2466,YSJS
2467,TX
2468,JZCL
2469,JZZS
2470,HG
2471,DQSB
2472,QC
2473,JYDQ
2474,JSJ
2475,DZ
2476,HG
2477,NLMY
2478,GT
2479,GYSY
2480,JXSB
2481,SPYL
2482,JZZS
2483,JXSB
2484,DZ
2485,FZFZ
2486,FZFZ
2487,JXSB
2488,QC
2489,QGZZ
2490,JXSB
2491,TX
2492,JTYS
2493,HG
2494,FZFZ
2495,SPYL
2496,HG
2497,HG
2498,DQSB
2499,JXSB
2500,FYJR
2501,YSJS
2502,QGZZ
2503,FZFZ
2504,JZZS
2505,NLMY
2506,DQSB
2507,SPYL
2508,JYDQ
2509,JXSB
2510,JXSB
2511,QGZZ
2512,JSJ
2513,HG
2514,JXSB
2515,SPYL
2516,FZFZ
2517,FZFZ
2518,DQSB
2519,JYDQ
2520,JXSB
2521,QGZZ
2522,QGZZ
2523,JXSB
2524,JZZS
2526,JXSB
2527,DQSB
2528,JSJ
2529,JXSB
2530,JXSB
2531,DQSB
2532,JXSB
2533,DQSB
2534,DQSB
2535,JXSB
2536,QC
2537,JXSB
2538,HG
2539,HG
2540,YSJS
2541,JZZS
2542,JZZS
2543,JYDQ
2544,TX
2545,JZZS
2546,DQSB
2547,DZ
2548,NLMY
2549,HG
2550,YYSW
2551,YYSW
2552,JXSB
2553,QC
2554,CJ
2555,CM
2556,HG
2557,SPYL
2558,XXFW
2559,JXSB
2560,DQSB
2561,SYMY
2562,HG
2563,FZFZ
2564,JXSB
2565,QGZZ
2566,YYSW
2567,NLMY
2568,SPYL
2569,FZFZ
2570,SPYL
2571,QGZZ
2572,QGZZ
2573,GYSY
2574,QGZZ
2575,QGZZ
2576,DQSB
2577,JSJ
2578,YSJS
2579,DZ
2580,DQSB
2581,HG
2582,SPYL
2583,TX
2584,HG
2585,QGZZ
2586,JZZS
2587,DZ
2588,HG
2589,YYSW
2590,QC
2591,HG
2592,QC
2593,QC
2594,QC
2595,JXSB
2596,JZCL
2597,HG
2598,JXSB
2599,QGZZ
2600,YSJS
2601,HG
2602,QC
2603,YYSW
2604,NLMY
2605,QGZZ
2606,DQSB
2607,QC
2608,GFJG
2609,JSJ
2610,DQSB
2611,JXSB
2612,FZFZ
2613,JXSB
2614,JYDQ
2615,QGZZ
2616,JYDQ
2617,DQSB
2618,DZ
2619,JZCL
2620,JZZS
2621,JXSB
2622,DQSB
2623,JZCL
2624,CM
2625,QC
2626,YYSW
2627,JTYS
2628,JZZS
2629,CJ
2630,DQSB
2631,QGZZ
2632,HG
2633,JXSB
2634,FZFZ
2635,DZ
2636,DZ
2637,HG
2638,DZ
2639,JXSB
2640,FZFZ
2641,JZCL
2642,JSJ
2643,HG
2644,YYSW
2645,JXSB
2646,SPYL
2647,JXSB
2648,HG
2649,JSJ
2650,SPYL
2651,JXSB
2652,JZCL
2653,YYSW
2654,DZ
2655,DZ
2656,FZFZ
2657,JSJ
2658,JXSB
2659,JZZS
2660,DZ
2661,SPYL
2662,QC
2663,JZZS
2664,QC
2665,DQSB
2666,HG
2667,JXSB
2668,JYDQ
2669,HG
2670,JYDQ
2671,JZCL
2672,GYSY
2673,FYJR
2674,FZFZ
2675,YYSW
2676,JYDQ
2677,JYDQ
2678,QGZZ
2679,NLMY
2680,JXSB
2681,JYDQ
2682,QC
2683,HG
2684,QC
2685,JXSB
2686,JXSB
2687,FZFZ
2688,NLMY
2689,JXSB
2690,JXSB
2691,JXSB
2692,DQSB
2693,YYSW
2694,JZCL
2695,SPYL
2696,NLMY
2697,SYMY
2698,JXSB
2699,FZFZ
2700,GYSY
2701,QGZZ
2702,SPYL
2703,QC
2705,JYDQ
2706,DQSB
2707,XXFW
2708,QC
2709,HG
2711,JTYS
2712,CM
2713,JZZS
2714,NLMY
2715,QC
2716,YSJS
2717,JZZS
2718,JZCL
2719,SPYL
2721,QGZZ
2722,JXSB
2723,JYDQ
2724,DZ
2725,QC
2726,SPYL
2727,YYSW
2728,YYSW
2729,DZ
2730,JXSB
2731,QGZZ
2732,SPYL
2733,DQSB
2734,HG
2735,QGZZ
2736,FYJR
2737,YYSW
2738,CJ
2739,CM
2740,QGZZ
2741,HG
2742,JZCL
2743,JZZS
2745,DZ
2746,NLMY
2747,JXSB
2748,HG
2749,HG
2750,YYSW
2751,QGZZ
2752,QGZZ
2753,HG
2755,JZZS
2756,GT
2757,JXSB
2758,YYSW
2759,JYDQ
2760,JXSB
2761,FZFZ
2762,FZFZ
2763,FZFZ
2765,QC
2766,JSJ
2767,DQSB
2768,HG
2769,JTYS
2770,SPYL
2771,JSJ
2772,NLMY
2773,YYSW
2775,JZZS
2776,FZFZ
2777,JSJ
2778,HG
2779,JXSB
2780,FZFZ
2781,JZZS
2782,DZ
2783,HG
2785,JZCL
2786,JXSB
2787,QGZZ
2788,YYSW
2789,JZZS
2790,QGZZ
2791,JZCL
2792,TX
2793,JXSB
2795,JZCL
2796,JXSB
2797,FYJR
300001,DQSB
300002,JSJ
300003,YYSW
300004,JXSB
300005,FZFZ
300006,YYSW
300007,JXSB
300008,GFJG
300009,YYSW
300010,JSJ
300011,DQSB
300012,ZH
300013,JTYS
300014,DZ
300015,YYSW
300016,YYSW
300017,TX
300018,DQSB
300019,HG
300020,JSJ
300021,NLMY
300022,SYMY
300023,JXSB
300024,JXSB
300025,TX
300026,YYSW
300027,CM
300028,TX
300029,DQSB
300030,YYSW
300031,HG
300032,DZ
300033,JSJ
300034,JXSB
300035,JXSB
300036,JSJ
300037,HG
300038,TX
300039,YYSW
300040,DQSB
300041,HG
300042,JSJ
300043,CM
300044,JSJ
300045,JSJ
300046,DZ
300047,JSJ
300048,DQSB
300049,YYSW
300050,TX
300051,JSJ
300052,CM
300053,DZ
300054,HG
300055,GYSY
300056,GYSY
300057,QGZZ
300058,CM
300059,CM
300061,QGZZ
300062,DQSB
300063,HG
300064,JXSB
300065,JSJ
300066,JXSB
300067,HG
300068,DQSB
300069,DQSB
300070,GYSY
300071,CM
300072,HG
300073,HG
300074,JSJ
300075,JSJ
300076,DZ
300077,DZ
300078,DZ
300079,JSJ
300080,JXSB
300081,TX
300082,HG
300083,DZ
300084,JXSB
300085,JSJ
300086,YYSW
300087,NLMY
300088,DZ
300089,QGZZ
300090,GYSY
300091,JXSB
300092,JXSB
300093,JZCL
300094,NLMY
300095,JXSB
300096,JSJ
300097,JXSB
300098,TX
300099,JXSB
300100,QC
300101,GFJG
300102,DZ
300103,JXSB
300104,CM
300105,DQSB
300106,NLMY
300107,HG
300108,HG
300109,HG
300110,YYSW
300111,DQSB
300112,JXSB
300113,CM
300114,JXSB
300115,DZ
300116,JXSB
300117,JZCL
300118,DQSB
300119,NLMY
300120,DQSB
300121,HG
300122,YYSW
300123,GFJG
300124,DQSB
300125,GYSY
300126,JXSB
300127,YSJS
300128,DZ
300129,DQSB
300130,JSJ
300131,DZ
300132,HG
300133,CM
300134,TX
300135,HG
300136,DZ
300137,GYSY
300138,NLMY
300139,DZ
300140,DQSB
300141,DQSB
300142,YYSW
300143,NLMY
300144,XXFW
300145,JXSB
300146,SPYL
300147,YYSW
300148,CM
300149,NLMY
300150,JSJ
300151,JXSB
300152,GYSY
300153,DQSB
300154,JXSB
300155,JSJ
300156,GYSY
300157,CJ
300158,YYSW
300159,JXSB
300160,JYDQ
300161,JXSB
300162,DZ
300163,HG
300164,CJ
300165,JXSB
300166,JSJ
300167,JSJ
300168,JSJ
300169,HG
300170,JSJ
300171,YYSW
300172,GYSY
300173,JXSB
300174,HG
300175,NLMY
300176,QC
300177,JSJ
300178,XXFW
300179,JXSB
300180,HG
300181,YYSW
300182,JSJ
300183,DZ
300184,DZ
300185,JXSB
300187,GYSY
300188,JSJ
300189,NLMY
300190,GYSY
300191,CJ
300192,HG
300193,JXSB
300194,YYSW
300195,JXSB
300196,HG
300197,JZZS
300198,JZCL
300199,YYSW
300200,HG
300201,JXSB
300202,JSJ
300203,GYSY
300204,YYSW
300205,TX
300206,YYSW
300207,DZ
300208,DQSB
300209,JSJ
300210,JXSB
300211,TX
300212,JSJ
300213,TX
300214,HG
300215,DQSB
300216,YYSW
300217,JYDQ
300218,HG
300219,DZ
300220,DZ
300221,HG
300222,DQSB
300223,DZ
300224,YSJS
300225,HG
300226,CM
300227,DZ
300228,JXSB
300229,JSJ
300230,HG
300231,JSJ
300232,DZ
300233,YYSW
300234,JZCL
300235,JSJ
300236,HG
300237,QC
300238,YYSW
300239,YYSW
300240,JTYS
300241,DZ
300242,CM
300243,HG
300244,YYSW
300245,JSJ
300246,YYSW
300247,JYDQ
300248,JSJ
300249,JYDQ
300250,TX
300251,CM
300252,TX
300253,JSJ
300254,YYSW
300255,YYSW
300256,DZ
300257,JXSB
300258,QC
300259,JXSB
300260,JXSB
300261,YYSW
300262,GYSY
300263,JXSB
300264,JSJ
300265,DQSB
300266,JXSB
300267,YYSW
300268,NLMY
300269,DZ
300270,JSJ
300271,JSJ
300272,JYDQ
300273,YYSW
300274,DQSB
300275,JXSB
300276,JXSB
300277,JSJ
300278,JXSB
300279,DZ
300280,JXSB
300281,JXSB
300282,DZ
300283,DQSB
300284,JZZS
300285,HG
300286,DQSB
300287,JSJ
300288,CM
300289,YYSW
300290,JSJ
300291,CM
300292,TX
300293,JXSB
300294,YYSW
300295,CM
300296,DZ
300297,JSJ
300298,YYSW
300299,TX
300300,JSJ
300301,DZ
300302,JSJ
300303,DZ
300304,QC
300305,HG
300306,JXSB
300307,JXSB
300308,DQSB
300309,JXSB
300310,TX
300311,JSJ
300312,TX
300313,NLMY
300314,YYSW
300315,CM
300316,DQSB
300317,DZ
300318,YYSW
300319,DZ
300320,HG
300321,HG
300322,DZ
300323,DZ
300324,JSJ
300325,HG
300326,YYSW
300327,DZ
300328,DZ
300329,QGZZ
300330,JSJ
300331,DZ
300332,GYSY
300333,JSJ
300334,GYSY
300335,GYSY
300336,CM
300337,YSJS
300338,JXSB
300339,JSJ
300340,DZ
300341,DQSB
300342,JYDQ
300343,HG
300344,JZCL
300345,JXSB
300346,DZ
300347,YYSW
300348,JSJ
300349,JXSB
300350,JTYS
300351,JXSB
300352,JSJ
300353,TX
300354,JXSB
300355,JZZS
300356,DQSB
300357,YYSW
300358,YYSW
300359,CM
300360,DQSB
300362,DQSB
300363,YYSW
300364,CM
300365,JSJ
300366,JSJ
300367,JSJ
300368,JSJ
300369,JSJ
300370,CJ
300371,JXSB
300372,DQSB
300373,DZ
300374,JZCL
300375,QC
300376,DQSB
300377,JSJ
300378,JSJ
300379,JSJ
300380,JSJ
300381,YYSW
300382,JXSB
300383,CM
300384,JSJ
300385,JXSB
300386,JSJ
300387,HG
300388,GYSY
300389,DZ
300390,DZ
300391,JXSB
300392,CM
300393,DQSB
300394,DZ
300395,YSJS
300396,YYSW
300397,JXSB
300398,HG
300399,JSJ
300400,JXSB
300401,YYSW
300402,JXSB
300403,JYDQ
300404,YYSW
300405,HG
300406,YYSW
300407,DQSB
300408,DZ
300409,HG
300410,DZ
300411,JXSB
300412,YYSW
300413,SYMY
300414,DQSB
300415,JXSB
300416,JXSB
300417,JXSB
300418,CM
300419,JSJ
300420,JXSB
300421,JXSB
300422,GYSY
300423,DQSB
300424,GFJG
300425,GYSY
300426,CM
300427,DQSB
300428,YSJS
300429,HG
300430,JXSB
300431,CM
300432,QC
300433,DZ
300434,JXSB
300435,JXSB
300436,YYSW
300437,HG
300438,DZ
300439,YYSW
300440,JSJ
300441,JXSB
300442,JXSB
300443,JXSB
300444,DQSB
300445,JXSB
300446,DZ
300447,DQSB
300448,JSJ
300449,JSJ
300450,JXSB
300451,JSJ
300452,YYSW
300453,YYSW
300455,JSJ
300456,GFJG
300457,JXSB
300458,DZ
300459,HG
300460,DZ
300461,JXSB
300462,JSJ
300463,YYSW
300464,JXSB
300465,JSJ
300466,DQSB
300467,TX
300468,JSJ
300469,JSJ
300470,JXSB
300471,JXSB
300472,JXSB
300473,QC
300474,GFJG
300475,JYDQ
300476,DZ
300477,DQSB
300478,HG
300479,JSJ
300480,JXSB
300481,HG
300482,YYSW
300483,JXSB
300484,DQSB
300485,YYSW
300486,JXSB
300487,HG
300488,JXSB
300489,YSJS
300490,DQSB
300491,DQSB
300492,JZZS
300493,DZ
300494,CM
300495,JZZS
300496,JSJ
300497,YYSW
300498,NLMY
300499,JXSB
300500,JZZS
300501,QGZZ
300502,DZ
300503,JXSB
300505,HG
300506,JZZS
300507,QC
300508,JSJ
300509,JXSB
300510,DQSB
300511,NLMY
600000,YH
600004,JTYS
600005,GT
600006,QC
600007,FDC
600008,GYSY
600009,JTYS
600010,GT
600011,GYSY
600012,JTYS
600015,YH
600016,YH
600017,JTYS
600018,JTYS
600019,GT
600020,JTYS
600021,GYSY
600022,GT
600023,GYSY
600026,JTYS
600027,GYSY
600028,HG
600029,JTYS
600030,FYJR
600031,JXSB
600033,JTYS
600035,JTYS
600036,YH
600037,CM
600038,GFJG
600039,JZZS
600048,FDC
600050,TX
600051,ZH
600052,FDC
600053,ZH
600054,XXFW
600055,YYSW
600056,YYSW
600057,JTYS
600058,SYMY
600059,SPYL
600060,JYDQ
600061,HG
600062,YYSW
600063,HG
600064,FDC
600066,QC
600067,FDC
600068,JZZS
600069,QGZZ
600070,FZFZ
600071,DZ
600072,GFJG
600073,SPYL
600074,DZ
600075,HG
600076,TX
600077,JTYS
600078,HG
600079,YYSW
600080,YYSW
600081,QC
600082,SYMY
600083,ZH
600084,SPYL
600085,YYSW
600086,QGZZ
600088,CM
600089,DQSB
600090,SPYL
600091,HG
600093,QC
600094,HG
600095,FDC
600096,HG
600097,NLMY
600098,GYSY
600099,QC
600100,JSJ
600101,GYSY
600103,QGZZ
600104,QC
600105,TX
600106,JTYS
600107,FZFZ
600108,NLMY
600109,FYJR
600110,DQSB
600111,YSJS
600112,DQSB
600113,FDC
600114,YSJS
600115,JTYS
600116,GYSY
600117,GT
600118,GFJG
600119,JTYS
600120,SYMY
600121,CJ
600122,SYMY
600123,CJ
600125,JTYS
600126,GT
600127,NLMY
600128,SYMY
600129,YYSW
600130,TX
600131,GYSY
600132,SPYL
600133,ZH
600135,QGZZ
600136,ZH
600137,FZFZ
600138,XXFW
600139,YSJS
600141,HG
600143,HG
600145,JZCL
600146,YSJS
600148,QC
600149,FDC
600150,GFJG
600151,DQSB
600152,FZFZ
600153,JTYS
600155,HG
600156,FZFZ
600157,CJ
600158,FDC
600159,FDC
600160,HG
600161,YYSW
600162,FDC
600163,QGZZ
600165,JXSB
600166,QC
600167,GYSY
600168,GYSY
600169,JXSB
600170,JZZS
600171,DZ
600172,JXSB
600173,FDC
600175,FDC
600176,HG
600177,FZFZ
600178,QC
600179,CJ
600180,JTYS
600182,HG
600183,DZ
600184,GFJG
600185,FDC
600186,SPYL
600187,GYSY
600188,CJ
600189,NLMY
600190,JTYS
600191,NLMY
600192,DQSB
600193,CJ
600195,NLMY
600196,YYSW
600197,SPYL
600198,TX
600199,SPYL
600200,ZH
600201,NLMY
600202,DQSB
600203,DZ
600206,DZ
600207,ZH
600208,FDC
600209,JZZS
600210,QGZZ
600211,YYSW
600212,ZH
600213,QC
600215,FDC
600216,YYSW
600217,GYSY
600218,JXSB
600219,YSJS
600220,FZFZ
600221,JTYS
600222,YYSW
600223,FDC
600225,FDC
600226,NLMY
600227,HG
600228,HG
600229,HG
600230,HG
600231,GT
600232,FZFZ
600233,FZFZ
600234,ZH
600235,QGZZ
600236,GYSY
600237,DZ
600238,SPYL
600239,FDC
600240,FDC
600241,SYMY
600242,JTYS
600243,JXSB
600246,FDC
600247,SYMY
600248,JZZS
600249,HG
600250,SYMY
600251,HG
600252,YYSW
600255,YSJS
600256,HG
600257,NLMY
600258,XXFW
600259,YSJS
600260,ZH
600261,DZ
600262,JXSB
600265,NLMY
600266,FDC
600267,YYSW
600268,DQSB
600269,JTYS
600270,JTYS
600271,JSJ
600272,FZFZ
600273,HG
600275,ZH
600276,YYSW
600277,ZH
600278,SYMY
600279,JTYS
600280,SYMY
600281,HG
600282,GT
600283,GYSY
600284,JZZS
600285,YYSW
600287,SYMY
600288,DZ
600289,TX
600290,DQSB
600291,FYJR
600292,GYSY
600293,JZCL
600295,CJ
600297,QC
600298,NLMY
600299,HG
600300,SPYL
600301,HG
600302,JXSB
600303,QC
600305,SPYL
600306,SYMY
600307,GT
600308,QGZZ
600309,HG
600310,GYSY
600311,YSJS
600312,DQSB
600313,NLMY
600315,HG
600316,GFJG
600317,JTYS
600318,JZCL
600319,HG
600320,JXSB
600321,JZCL
600322,FDC
600323,GYSY
600325,FDC
600326,JZZS
600327,SYMY
600328,HG
600329,YYSW
600330,YSJS
600331,YSJS
600332,YYSW
600333,GYSY
600335,QC
600336,JYDQ
600337,QGZZ
600338,YSJS
600339,HG
600340,FDC
600343,GFJG
600345,TX
600346,JXSB
600348,CJ
600350,JTYS
600351,YYSW
600352,HG
600353,DQSB
600354,NLMY
600355,TX
600356,QGZZ
600358,XXFW
600359,NLMY
600360,DZ
600361,SYMY
600362,YSJS
600363,DZ
600365,SPYL
600366,YSJS
600367,HG
600368,JTYS
600369,FYJR
600370,FZFZ
600371,NLMY
600372,GFJG
600373,CM
600375,JXSB
600376,FDC
600377,JTYS
600378,HG
600379,DQSB
600380,YYSW
600381,CJ
600382,JXSB
600383,FDC
600385,YYSW
600386,CM
600387,HG
600388,JXSB
600389,HG
600390,YSJS
600391,GFJG
600392,YSJS
600393,FDC
600395,CJ
600396,GYSY
600397,CJ
600398,FZFZ
600399,GT
600400,FZFZ
600401,DQSB
600403,CJ
600405,DQSB
600406,DQSB
600408,CJ
600409,HG
600410,JSJ
600415,SYMY
600416,DQSB
600418,QC
600419,ZH
600420,YYSW
600421,ZH
600422,YYSW
600423,HG
600425,JZCL
600426,HG
600428,JTYS
600429,SPYL
600432,YSJS
600433,QGZZ
600435,GFJG
600436,YYSW
600438,NLMY
600439,QGZZ
600444,HG
600446,JSJ
600448,FZFZ
600449,JZCL
600452,GYSY
600455,JSJ
600456,YSJS
600458,HG
600459,YSJS
600460,DZ
600461,GYSY
600462,QGZZ
600463,FDC
600466,YYSW
600467,NLMY
600468,DQSB
600469,HG
600470,HG
600475,DQSB
600476,JSJ
600477,JZZS
600478,YSJS
600479,YYSW
600480,QC
600481,JXSB
600482,QC
600483,GYSY
600485,TX
600486,HG
600487,TX
600488,YYSW
600489,YSJS
600490,YSJS
600491,JZZS
600493,FZFZ
600495,JXSB
600496,JZZS
600497,YSJS
600498,TX
600499,JXSB
600500,HG
600501,JXSB
600502,JZZS
600503,FDC
600505,GYSY
600506,NLMY
600507,GT
600508,CJ
600509,GYSY
600510,FZFZ
600511,YYSW
600512,JZZS
600513,YYSW
600515,SYMY
600516,YSJS
600517,DQSB
600518,YYSW
600519,SPYL
600520,JXSB
600521,YYSW
600522,TX
600523,QC
600525,DQSB
600526,JXSB
600527,HG
600528,JZZS
600529,YYSW
600530,YYSW
600531,YSJS
600532,CJ
600533,FDC
600535,YYSW
600536,JSJ
600537,DQSB
600538,HG
600539,JZCL
600540,NLMY
600543,SPYL
600545,JZZS
600546,CJ
600547,YSJS
600548,JTYS
600549,YSJS
600550,DQSB
600551,CM
600552,JZCL
600555,FDC
600556,ZH
600557,YYSW
600558,JXSB
600559,SPYL
600560,JXSB
600561,JTYS
600562,GFJG
600563,DZ
600565,FDC
600566,YYSW
600567,QGZZ
600568,FDC
600569,GT
600570,JSJ
600571,JSJ
600572,YYSW
600573,SPYL
600575,JTYS
600576,FDC
600577,JXSB
600578,GYSY
600579,JXSB
600580,DQSB
600581,GT
600582,JXSB
600583,CJ
600584,DZ
600585,JZCL
600586,JZCL
600587,YYSW
600588,JSJ
600589,HG
600590,DQSB
600592,JXSB
600593,XXFW
600594,YYSW
600595,YSJS
600596,HG
600597,SPYL
600598,NLMY
600599,QGZZ
600600,SPYL
600601,JSJ
600602,DZ
600603,ZH
600604,FDC
600605,SYMY
600606,FDC
600608,ZH
600609,QC
600610,JZZS
600611,JTYS
600612,QGZZ
600613,YYSW
600614,ZH
600615,FDC
600616,SPYL
600617,GYSY
600618,HG
600619,JYDQ
600620,FDC
600621,FDC
600622,FDC
600623,HG
600624,ZH
600626,FZFZ
600628,SYMY
600629,JZCL
600630,FZFZ
600633,CM
600634,ZH
600635,FYJR
600636,HG
600637,CM
600638,FDC
600639,FDC
600640,XXFW
600641,FDC
600642,GYSY
600643,FYJR
600644,GYSY
600645,YYSW
600647,FDC
600648,FDC
600649,FDC
600650,JTYS
600651,DZ
600652,CM
600653,QC
600654,JSJ
600655,SYMY
600657,FDC
600658,FDC
600660,QC
600661,CM
600662,JTYS
600663,FDC
600664,YYSW
600665,FDC
600666,YYSW
600667,DZ
600668,JZCL
600671,YYSW
600673,YSJS
600674,GYSY
600675,FDC
600676,JTYS
600677,GFJG
600678,JZCL
600679,QC
600680,JSJ
600681,JZZS
600682,SYMY
600683,FDC
600684,FDC
600685,GFJG
600686,QC
600687,YSJS
600688,HG
600689,FZFZ
600690,JYDQ
600691,HG
600692,JTYS
600693,SYMY
600694,SYMY
600695,NLMY
600696,FDC
600697,SYMY
600698,QC
600699,QC
600701,ZH
600702,SPYL
600703,DZ
600704,SYMY
600705,FYJR
600706,XXFW
600707,DZ
600708,ZH
600710,JXSB
600711,YSJS
600712,SYMY
600713,YYSW
600714,CJ
600715,CM
600716,FDC
600717,JTYS
600718,JSJ
600719,GYSY
600720,JZCL
600721,CJ
600722,HG
600723,SYMY
600724,FDC
600725,HG
600726,GYSY
600727,HG
600728,JSJ
600729,SYMY
600730,ZH
600731,HG
600732,FDC
600733,ZH
600734,FDC
600735,SYMY
600736,FDC
600737,NLMY
600738,SYMY
600739,SYMY
600740,CJ
600741,QC
600742,QC
600743,FDC
600744,GYSY
600745,FDC
600746,HG
600747,FYJR
600748,FDC
600749,XXFW
600750,YYSW
600751,JTYS
600753,FDC
600754,XXFW
600755,SYMY
600756,JSJ
600757,CM
600758,GYSY
600759,CJ
600760,GFJG
600761,JXSB
600763,YYSW
600764,JSJ
600765,JXSB
600766,YSJS
600767,FDC
600768,YSJS
600769,GYSY
600770,ZH
600771,YYSW
600773,FDC
600774,SYMY
600775,TX
600776,TX
600777,FDC
600778,SYMY
600779,SPYL
600780,GYSY
600781,YYSW
600782,GT
600783,FYJR
600784,GT
600785,SYMY
600787,JTYS
600789,YYSW
600790,SYMY
600791,FDC
600792,CJ
600793,QGZZ
600794,JTYS
600795,GYSY
600796,YYSW
600797,JSJ
600798,JTYS
600800,DZ
600801,JZCL
600802,JZCL
600803,HG
600804,CM
600805,QC
600806,JXSB
600807,FDC
600808,GT
600809,SPYL
600810,HG
600811,ZH
600812,YYSW
600814,SYMY
600815,JXSB
600816,FYJR
600817,ZH
600818,ZH
600819,JZCL
600820,JZZS
600821,SYMY
600822,SYMY
600823,FDC
600824,SYMY
600825,CM
600826,SYMY
600827,SYMY
600828,SYMY
600829,YYSW
600830,FYJR
600831,CM
600833,YYSW
600834,JTYS
600835,JXSB
600836,QGZZ
600837,FYJR
600838,SYMY
600839,JYDQ
600841,JXSB
600843,JXSB
600844,HG
600845,JSJ
600846,ZH
600847,DQSB
600848,JXSB
600850,JSJ
600851,ZH
600853,JZZS
600854,JYDQ
600855,JSJ
600856,GYSY
600857,SYMY
600858,SYMY
600859,SYMY
600860,JXSB
600861,SYMY
600862,JXSB
600863,GYSY
600864,GYSY
600865,SYMY
600866,SPYL
600867,YYSW
600868,GYSY
600869,DQSB
600870,JYDQ
600871,CJ
600872,SPYL
600873,SPYL
600874,GYSY
600875,DQSB
600876,JZCL
600877,QC
600879,GFJG
600880,CM
600881,JZCL
600882,CJ
600883,ZH
600884,ZH
600885,DQSB
600886,GYSY
600887,SPYL
600888,YSJS
600889,HG
600890,FDC
600891,SYMY
600892,ZH
600893,GFJG
600894,JXSB
600895,FDC
600896,JTYS
600897,JTYS
600898,SYMY
600900,GYSY
600917,GYSY
600958,FYJR
600959,CM
600960,JXSB
600961,YSJS
600962,NLMY
600963,QGZZ
600965,NLMY
600966,QGZZ
600967,JXSB
600969,GYSY
600970,JZZS
600971,CJ
600973,DQSB
600975,NLMY
600976,YYSW
600978,QGZZ
600979,GYSY
600980,YSJS
600981,SYMY
600982,GYSY
600983,JYDQ
600984,JXSB
600985,HG
600986,JZZS
600987,FZFZ
600988,YSJS
600990,GFJG
600992,JXSB
600993,YYSW
600995,GYSY
600997,CJ
600998,YYSW
600999,FYJR
601000,JTYS
601001,CJ
601002,JXSB
601003,GT
601005,GT
601006,JTYS
601007,XXFW
601008,JTYS
601009,YH
601010,SYMY
601011,CJ
601012,DQSB
601015,CJ
601016,GYSY
601018,JTYS
601020,YSJS
601021,JTYS
601028,JXSB
601038,JXSB
601058,HG
601069,YSJS
601088,CJ
601098,CM
601099,FYJR
601100,JXSB
601101,CJ
601106,JXSB
601107,JTYS
601111,JTYS
601113,HG
601116,SYMY
601117,JZZS
601118,NLMY
601126,DQSB
601137,YSJS
601139,GYSY
601155,FDC
601158,GYSY
601166,YH
601168,YSJS
601169,YH
601177,JXSB
601179,DQSB
601186,JZZS
601188,JTYS
601198,FYJR
601199,GYSY
601208,HG
601211,FYJR
601216,HG
601218,DQSB
601222,DQSB
601225,CJ
601226,JZZS
601231,DZ
601233,HG
601238,QC
601258,QC
601288,YH
601311,QC
601313,JXSB
601318,FYJR
601328,YH
601333,JTYS
601336,FYJR
601339,FZFZ
601368,GYSY
601369,JXSB
601377,FYJR
601388,YSJS
601390,JZZS
601398,YH
601515,QGZZ
601518,JTYS
601519,JSJ
601555,FYJR
601558,DQSB
601566,FZFZ
601567,DQSB
601579,SPYL
601588,FDC
601599,FZFZ
601600,YSJS
601601,FYJR
601607,YYSW
601608,JXSB
601616,DQSB
601618,JZZS
601628,FYJR
601633,QC
601636,JZCL
601666,CJ
601668,JZZS
601669,JZZS
601677,YSJS
601678,HG
601688,FYJR
601689,QC
601699,CJ
601700,DQSB
601717,JXSB
601718,FZFZ
601727,DQSB
601766,JXSB
601777,QC
601788,FYJR
601789,JZZS
601798,JXSB
601799,QC
601800,JZZS
601801,CM
601808,CJ
601818,YH
601857,CJ
601866,JTYS
601872,JTYS
601877,DQSB
601880,JTYS
601886,JZZS
601888,XXFW
601890,GFJG
601898,CJ
601899,YSJS
601900,CM
601901,FYJR
601908,DQSB
601918,CJ
601919,JTYS
601928,CM
601929,CM
601933,SYMY
601939,YH
601958,YSJS
601965,QC
601968,QGZZ
601969,CJ
601985,GYSY
601988,YH
601989,GFJG
601991,GYSY
601992,JZCL
601996,QGZZ
601998,YH
601999,CM
603000,CM
603001,FZFZ
603002,HG
603003,HG
603005,DZ
603006,QC
603008,QGZZ
603009,QC
603010,HG
603011,JXSB
603012,JXSB
603015,DQSB
603017,JZZS
603018,JZZS
603019,JSJ
603020,SPYL
603021,QGZZ
603022,QGZZ
603023,QC
603025,DQSB
603026,HG
603027,SPYL
603028,JXSB
603029,JXSB
603030,JZZS
603066,JTYS
603077,HG
603085,QC
603088,JXSB
603099,XXFW
603100,DQSB
603101,SYMY
603108,YYSW
603111,JXSB
603116,FZFZ
603117,JTYS
603118,TX
603123,SYMY
603126,GYSY
603128,JTYS
603158,QC
603166,QC
603167,JTYS
603168,YYSW
603169,JXSB
603188,HG
603198,SPYL
603199,XXFW
603222,YYSW
603223,JTYS
603227,HG
603268,QGZZ
603288,SPYL
603299,HG
603300,FYJR
603306,QC
603308,JXSB
603309,YYSW
603311,JXSB
603315,JXSB
603318,JXSB
603328,DZ
603333,DQSB
603338,JXSB
603355,JYDQ
603366,JYDQ
603368,YYSW
603369,SPYL
603377,QC
603398,QGZZ
603399,YSJS
603456,YYSW
603508,JSJ
603518,FZFZ
603519,JYDQ
603520,YYSW
603528,QC
603555,FZFZ
603558,FZFZ
603566,NLMY
603567,YYSW
603568,GYSY
603588,GYSY
603589,SPYL
603598,CM
603599,HG
603600,QGZZ
603601,HG
603606,DQSB
603608,FZFZ
603609,NLMY
603611,JXSB
603616,JZCL
603618,DQSB
603636,JSJ
603669,YYSW
603678,DZ
603686,JXSB
603688,YSJS
603696,SPYL
603698,JZZS
603699,JXSB
603701,QC
603703,TX
603718,NLMY
603726,JYDQ
603729,CM
603766,QC
603778,JZZS
603779,SPYL
603788,QC
603789,JXSB
603798,HG
603799,YSJS
603800,JXSB
603806,DQSB
603808,FZFZ
603818,QGZZ
603822,HG
603828,JZZS
603838,QGZZ
603861,DQSB
603866,SPYL
603868,JYDQ
603869,XXFW
603883,YYSW
603885,JTYS
603889,FZFZ
603898,QGZZ
603899,QGZZ
603901,JXSB
603918,JSJ
603919,SPYL
603936,DZ
603939,YYSW
603968,HG
603969,JXSB
603979,CJ
603988,DQSB
603989,DZ
603993,YSJS
603996,JYDQ
603997,QC
603998,YYSW
603999,CM
